Date,Symbol,Open,High,Low,Adj Close,Volume,Volume USD
2015-10-08,BTCUSD,242.5,245,242.5,243.95,18.8,4595.84
2015-10-09,BTCUSD,243.95,249.97,243.6,245.39,30.99,7651.63
2015-10-10,BTCUSD,245.39,246.3,244.6,246.3,12.17,2984.44
2015-10-11,BTCUSD,246.3,249.5,246.3,249.5,12.22,3021.12
2015-10-12,BTCUSD,249.5,249.5,247.6,247.6,38.28,9493.89
2015-10-13,BTCUSD,247.6,252.87,245.75,250,51.71,12875.4
2015-10-14,BTCUSD,250,254.75,250,253,119.54,30115.77
2015-10-15,BTCUSD,253,258.98,253,255.26,197.11,50535.45
2015-10-16,BTCUSD,255.9,269.98,255.9,263.75,101.13,26743.35
2015-10-17,BTCUSD,263.75,285,263.14,272.47,664.66,180981.35
2015-10-18,BTCUSD,272.47,274.89,264.01,268.46,53.56,14484
2015-10-19,BTCUSD,268.46,274.77,265,272.49,132.93,35836.54
2015-10-20,BTCUSD,272.49,275.99,266.02,272.1,202.09,54949.01
2015-10-21,BTCUSD,272.1,272.75,269.5,271.64,364.6,99066.75
2015-10-22,BTCUSD,271.64,279.98,271.23,276.89,588.5,162664.5
2015-10-23,BTCUSD,276.89,283.95,276.89,280.2,590.31,164962.53
2015-10-24,BTCUSD,280.2,285,280.19,285,438.03,123247.67
2015-10-25,BTCUSD,285,297,285,289.38,46.26,13502.41
2015-10-26,BTCUSD,289.38,296.99,283.99,288.54,339.76,97784.33
2015-10-27,BTCUSD,288.54,299,288.53,298.2,691.25,202956.9
2015-10-28,BTCUSD,298.2,309,298.2,307.05,1219.05,369278.2
2015-10-29,BTCUSD,307.05,320.01,261.51,314.89,1675.85,522681.16
2015-10-30,BTCUSD,314.89,374,314.89,330.36,2078.47,681306.37
2015-10-31,BTCUSD,330.36,336.69,309.15,315,193.96,62936.19
2015-11-01,BTCUSD,315,330,299.76,330,377.15,120386.11
2015-11-02,BTCUSD,330,370,326.1,367.85,3028.56,1062068.18
2015-11-03,BTCUSD,367.85,424.62,362.25,400,3009.34,1182587.15
2015-11-04,BTCUSD,400,500,365,410,2104.01,957774.87
2015-11-05,BTCUSD,410,450,369.73,379.42,1655.25,671522.45
2015-11-06,BTCUSD,379.42,399.7,354.01,376,1183.23,443559.45
2015-11-07,BTCUSD,376,391.92,374.97,388.13,824.89,316125.45
2015-11-08,BTCUSD,388.13,389.61,363.47,377,152.4,58646.32
2015-11-09,BTCUSD,377,386.79,361.43,381.46,1134.47,426641.07
2015-11-10,BTCUSD,381.46,383,236,336.18,728.85,255925.57
2015-11-11,BTCUSD,336.18,343.75,300,306,1225.57,385120.65
2015-11-12,BTCUSD,306,344.8,300.51,335.5,1215.85,397146.18
2015-11-13,BTCUSD,335.5,348.58,326.6,338.45,478.64,160014.56
2015-11-14,BTCUSD,338.45,2200,332.92,349.99,616.59,254383.14
2015-11-15,BTCUSD,349.99,354.99,317.76,318.66,396.53,132609.66
2015-11-16,BTCUSD,318.66,338.99,315,336.99,475.92,155088.38
2015-11-17,BTCUSD,336.99,340.24,328.33,334.51,892.06,299171.45
2015-11-18,BTCUSD,334.51,337.9,330.01,335.99,1545.01,517355.7
2015-11-19,BTCUSD,335.99,335.99,322.34,325.01,908.48,302039.17
2015-11-20,BTCUSD,325.01,328.3,310,320.51,371.67,119626.03
2015-11-21,BTCUSD,320.51,328.97,318.28,325.22,324.76,105230.72
2015-11-22,BTCUSD,325.22,328.75,320.99,324.37,301.36,97804.72
2015-11-23,BTCUSD,324.37,326.32,320.01,322.75,1010.84,326786.37
2015-11-24,BTCUSD,322.75,324.53,305,317.52,884.39,283519.45
2015-11-25,BTCUSD,317.52,332,315.21,327.5,546.09,178654.88
2015-11-26,BTCUSD,327.5,365.37,327.5,360,510.4,175433.89
2015-11-27,BTCUSD,360,369.04,347.76,360.4,1023.14,370511.16
2015-11-28,BTCUSD,360.4,360.41,352,357,161.21,57658.18
2015-11-29,BTCUSD,357,380,354.01,368.11,462.71,168299.4
2015-11-30,BTCUSD,368.11,380.99,367.5,377.29,1510.3,565830.65
2015-12-01,BTCUSD,377.29,379.99,355.01,363.01,511.06,186714.7
2015-12-02,BTCUSD,363.01,364.03,349,361.18,422.45,151625.88
2015-12-03,BTCUSD,361.18,369.99,358,361.5,965.2,350211.87
2015-12-04,BTCUSD,361.5,364.48,356,362.03,912.81,329262.86
2015-12-05,BTCUSD,362.03,389.9,361.53,385.82,746.45,278215.04
2015-12-06,BTCUSD,385.82,403.33,385.82,395.5,220.74,86851.71
2015-12-07,BTCUSD,395.5,400,385.01,398.62,779.95,307497.84
2015-12-08,BTCUSD,398.62,412.13,390.84,412.13,501.04,200415.53
2015-12-09,BTCUSD,412.13,424.48,347.5,418.98,695.45,285473.2
2015-12-10,BTCUSD,418.98,422.89,412.54,416.49,652.46,272274.87
2015-12-11,BTCUSD,416.49,454.97,416.49,452,905.65,395780.18
2015-12-12,BTCUSD,452,473.34,408.45,435,537.74,234650.28
2015-12-13,BTCUSD,435,441.53,422,435.9,120.12,52006.96
2015-12-14,BTCUSD,435.9,450.36,429.86,445.7,1019.46,456179.39
2015-12-15,BTCUSD,445.7,480,445.1,465.99,974.16,447962.48
2015-12-16,BTCUSD,465.99,466.24,440,456.34,452.41,206807.6
2015-12-17,BTCUSD,456.34,459.89,450.25,458,312.18,142561.92
2015-12-18,BTCUSD,458,465.73,456.56,463.02,497.74,229780.19
2015-12-19,BTCUSD,463.02,466.93,455,461.8,114.09,52855.37
2015-12-20,BTCUSD,461.8,462.99,432.33,439.51,321,143210.6
2015-12-21,BTCUSD,439.51,449.99,428.52,437.99,190.11,83319.44
2015-12-22,BTCUSD,437.99,442.46,434.79,435.82,286.88,125801.91
2015-12-23,BTCUSD,435.82,444.71,435.75,444.54,411.18,181367.62
2015-12-24,BTCUSD,444.54,457.22,444.54,455.46,375.44,169870.08
2015-12-25,BTCUSD,455.46,461.86,453.99,458.59,79.34,36386.66
2015-12-26,BTCUSD,458.59,458.59,407.07,418.72,387.26,164472.22
2015-12-27,BTCUSD,418.72,423.64,407.77,422.06,172.62,71710.65
2015-12-28,BTCUSD,422.06,429.31,418.53,420.8,89.53,37899.56
2015-12-29,BTCUSD,420.8,434.26,420.8,430.76,742.14,317103.63
2015-12-30,BTCUSD,430.76,436.79,422.1,428.24,211.58,90822.73
2015-12-31,BTCUSD,428.24,434.99,422.01,432.5,206.93,89190.89
2016-01-01,BTCUSD,432.5,437.8,429.95,434.55,110.55,48057.58
2016-01-02,BTCUSD,434.55,439.53,432.7,435.75,107.57,46885.15
2016-01-03,BTCUSD,435.75,437.99,409.11,424.26,496.07,209726.77
2016-01-04,BTCUSD,424.26,436.49,424.26,435,485.66,209194.1
2016-01-05,BTCUSD,435,435.63,431.55,432.98,259.72,112388.29
2016-01-06,BTCUSD,432.98,433.99,427.88,431.1,386.6,166807.9
2016-01-07,BTCUSD,431.1,457,430.89,457,1697.75,760356.83
2016-01-08,BTCUSD,457,464,448.52,456.68,889.37,405467.61
2016-01-09,BTCUSD,456.68,456.68,446.33,450.11,188.38,84963.85
2016-01-10,BTCUSD,450.11,450.11,440.01,444.6,17.18,7640.4
2016-01-11,BTCUSD,444.6,451.64,444.6,451.28,464.17,207924.92
2016-01-12,BTCUSD,451.28,451.28,444.11,445.4,727.12,324599.67
2016-01-13,BTCUSD,445.4,445.4,420,431.68,970.73,415972.32
2016-01-14,BTCUSD,431.68,433.99,426.75,430.42,502.66,216413.12
2016-01-15,BTCUSD,430.42,431.31,358.74,372.04,1724.16,677966.57
2016-01-16,BTCUSD,372.04,386.27,353.32,384.25,778.19,291177.44
2016-01-17,BTCUSD,384.25,389.85,380.19,383.9,205.95,79204.39
2016-01-18,BTCUSD,383.9,387.25,374.83,385.03,2854.76,1099063.99
2016-01-19,BTCUSD,385.03,385.53,376.33,380.58,4096.72,1557914.34
2016-01-20,BTCUSD,380.58,423.19,376.27,417.51,3195.25,1300414.35
2016-01-21,BTCUSD,417.51,425.38,405,412.14,1558.93,638247.28
2016-01-22,BTCUSD,412.14,416.99,375,393,2505.96,977136.8
2016-01-23,BTCUSD,393,411,380.03,387.8,198.13,77017.19
2016-01-24,BTCUSD,387.8,404.24,383.57,401.74,492.46,195967.96
2016-01-25,BTCUSD,401.74,403.6,387.65,393.08,1085.8,427392.05
2016-01-26,BTCUSD,393.08,396.79,389,389,1061.9,417990.16
2016-01-27,BTCUSD,389,396.99,389,395.54,652.15,257391.75
2016-01-28,BTCUSD,395.54,395.54,378.36,380.92,479.25,184161.73
2016-01-29,BTCUSD,380.92,383.97,365,379.39,973.71,366715.98
2016-01-30,BTCUSD,379.39,380,374.53,378.33,247.86,93570.38
2016-01-31,BTCUSD,378.33,380,369.54,370,162.26,61072.38
2016-02-01,BTCUSD,370,378.99,366.62,371.74,935.68,349785.67
2016-02-02,BTCUSD,371.74,375.41,371.74,373.2,977.83,365562.48
2016-02-03,BTCUSD,373.2,373.2,367.41,368.7,907.36,336253.34
2016-02-04,BTCUSD,368.7,391.7,368.7,390.17,1799.16,686745.79
2016-02-05,BTCUSD,390.17,390.17,384.8,387.21,894.87,346279.69
2016-02-06,BTCUSD,387.21,387.21,371.09,375.31,480.03,181099.83
2016-02-07,BTCUSD,375.31,378.55,373.39,376.03,184.05,69217.17
2016-02-08,BTCUSD,376.03,377.86,371.31,371.47,958.04,358682.2
2016-02-09,BTCUSD,371.47,377.09,371.47,374,935.99,350955.64
2016-02-10,BTCUSD,374,384.19,373.02,380.07,1559.69,594481.56
2016-02-11,BTCUSD,380.07,380.57,373.07,376.09,1032.28,389108.52
2016-02-12,BTCUSD,376.09,384.71,376.03,383.85,1650.92,629776.6
2016-02-13,BTCUSD,383.85,386.52,383.85,386.51,164.45,63308.6
2016-02-14,BTCUSD,386.51,406.18,386.51,406.18,1676.36,670546.45
2016-02-15,BTCUSD,406.18,407.94,396.71,398.27,867.76,350254.95
2016-02-16,BTCUSD,398.27,409.33,398.23,406.72,1144.29,465347.88
2016-02-17,BTCUSD,406.72,420.25,406.72,415.9,1425.81,596048.72
2016-02-18,BTCUSD,415.9,422.92,414.44,422.21,1800.84,755629.14
2016-02-19,BTCUSD,422.21,422.21,416.18,419.04,829.64,348577.17
2016-02-20,BTCUSD,419.04,442,419.04,440.75,949.26,407875.43
2016-02-21,BTCUSD,440.75,448,426.2,439.28,543.72,237933.71
2016-02-22,BTCUSD,439.28,440.12,431.13,436.45,1300.83,569935.95
2016-02-23,BTCUSD,436.45,438.23,412.07,418.77,1580.33,661748.35
2016-02-24,BTCUSD,418.77,422.99,410.82,421.32,775.35,326202.9
2016-02-25,BTCUSD,421.32,426.55,416.86,423.98,673.43,284397.26
2016-02-26,BTCUSD,423.98,427.51,418.89,427.5,803.73,340617.72
2016-02-27,BTCUSD,427.5,434.18,427.5,431.47,485.03,208782.58
2016-02-28,BTCUSD,431.47,433.36,421.01,431.59,420.85,179601.89
2016-02-29,BTCUSD,431.59,440.99,430.14,437.05,984.47,429948.59
2016-03-01,BTCUSD,437.05,438.98,427.41,432.32,902.27,391113.93
2016-03-02,BTCUSD,432.32,433.73,422.29,423.97,869.86,372954.62
2016-03-03,BTCUSD,423.97,423.97,414.06,419.24,2856.05,1196323.59
2016-03-04,BTCUSD,419.24,421.07,408.4,408.87,2517.71,1049127.3
2016-03-05,BTCUSD,408.87,409.06,367,393.5,3115.9,1247431.02
2016-03-06,BTCUSD,393.5,403.96,378.71,403.44,400.98,156921.05
2016-03-07,BTCUSD,403.44,413.31,399.26,413.16,2423.93,988846.2
2016-03-08,BTCUSD,413.16,413.49,408,412.09,1369.93,562777.31
2016-03-09,BTCUSD,412.09,412.99,408.22,410.79,3337.91,1370297.92
2016-03-10,BTCUSD,410.79,414.68,410.07,414.68,1792.31,738683.02
2016-03-11,BTCUSD,414.68,420.34,414.68,418.93,1525.97,638915.25
2016-03-12,BTCUSD,418.93,420.17,405.96,409.72,1090.13,447418.4
2016-03-13,BTCUSD,409.72,412.54,409.25,411.18,1668.66,685385.15
2016-03-14,BTCUSD,411.18,414.14,411.16,413.99,569.47,235320.23
2016-03-15,BTCUSD,413.99,416.09,413.98,416,1294.92,537881.24
2016-03-16,BTCUSD,416,416,414.71,416,1443.06,599306.72
2016-03-17,BTCUSD,416,419,416,418.95,938,392406.2
2016-03-18,BTCUSD,418.95,418.95,403.47,407.59,1017.68,415330.71
2016-03-19,BTCUSD,407.59,409.88,405.66,409.88,595.51,242633.91
2016-03-20,BTCUSD,409.88,410.99,409.88,410.99,307.22,125995.74
2016-03-21,BTCUSD,410.99,411.4,408.66,411.4,811.47,332971.56
2016-03-22,BTCUSD,411.4,418,411.39,416.83,922.05,383507.99
2016-03-23,BTCUSD,416.83,418.54,416.83,417.01,794.82,331613.57
2016-03-24,BTCUSD,417.01,417.16,413.92,415.55,940.74,391557.49
2016-03-25,BTCUSD,415.55,416.98,412.79,416.11,952.99,396135.74
2016-03-26,BTCUSD,416.11,416.98,416.11,416.92,411.06,171326.93
2016-03-27,BTCUSD,416.92,426.75,416.65,424.47,2006.26,846262.98
2016-03-28,BTCUSD,424.47,424.47,422,422.16,870.6,368112.34
2016-03-29,BTCUSD,422.16,423.75,405.83,414.25,1440.19,594301.55
2016-03-30,BTCUSD,414.25,414.64,408.62,413.7,733.55,302278.38
2016-03-31,BTCUSD,413.7,416.94,413.7,416.36,1122.37,466556.09
2016-04-01,BTCUSD,416.36,416.88,414.59,416.48,732.45,304703.12
2016-04-02,BTCUSD,416.48,421.18,416.48,420,826.35,346497.1
2016-04-03,BTCUSD,420,420,418.93,419.45,106.09,44510.42
2016-04-04,BTCUSD,419.45,419.99,417.74,419.99,692.01,289850.73
2016-04-05,BTCUSD,419.99,423.44,419.86,422.48,1068.1,450811.6
2016-04-06,BTCUSD,422.48,423.28,422.3,422.82,1184,500636.53
2016-04-07,BTCUSD,422.82,422.84,419.65,422.59,1063.18,448516.79
2016-04-08,BTCUSD,422.59,424.39,415.45,418.39,2910.51,1227064.07
2016-04-09,BTCUSD,418.39,418.39,412.21,416.67,425.9,177374.31
2016-04-10,BTCUSD,416.67,420.74,416.67,420.73,444.09,185924.26
2016-04-11,BTCUSD,420.73,423.24,419.51,423.23,1184.23,499197.84
2016-04-12,BTCUSD,423.23,427.24,423.23,426.43,1405.46,598581.62
2016-04-13,BTCUSD,426.43,426.75,421.99,424.53,2049.84,871512.71
2016-04-14,BTCUSD,424.53,425.6,424.1,424.96,938.77,398729.37
2016-04-15,BTCUSD,424.96,429.84,424.96,429.53,1549.86,663556.99
2016-04-16,BTCUSD,429.53,432.5,429.52,429.99,493.59,212553.43
2016-04-17,BTCUSD,429.99,430.09,426.2,426.2,218.68,93759.27
2016-04-18,BTCUSD,426.2,428.7,426.2,427.99,870.72,372478.85
2016-04-19,BTCUSD,427.99,435,427.98,435,1419.48,609416.58
2016-04-20,BTCUSD,435,445,434.99,443.54,1732.3,760561.43
2016-04-21,BTCUSD,443.54,451,441.86,451,2331.07,1038975.71
2016-04-22,BTCUSD,451,451.03,445.26,447.79,1071.76,479782.4
2016-04-23,BTCUSD,447.79,452,447.23,452,962.76,433217.1
2016-04-24,BTCUSD,452,462.88,449.97,461.05,1451.81,663084.51
2016-04-25,BTCUSD,461.05,468.67,453.78,465.9,2696.92,1245577.49
2016-04-26,BTCUSD,465.9,470.69,463.49,468.44,1326.16,619399.18
2016-04-27,BTCUSD,468.44,469.36,447.03,448.44,2264.18,1036759.2
2016-04-28,BTCUSD,448.44,448.99,435.72,448.99,2024.84,901276.78
2016-04-29,BTCUSD,448.99,456.98,448.83,455.91,1438.18,651149.45
2016-04-30,BTCUSD,455.91,456.78,448.24,450.3,289.92,131025.36
2016-05-01,BTCUSD,450.3,453.63,448.26,452.66,345.76,156471.22
2016-05-02,BTCUSD,452.66,453.99,441.31,446.36,1898.57,846639.71
2016-05-03,BTCUSD,446.36,452,443.69,451.99,1124.91,504046.31
2016-05-04,BTCUSD,451.99,451.99,447.46,448,1108.17,497659.99
2016-05-05,BTCUSD,448,448.99,447.01,448.99,916.95,410899.7
2016-05-06,BTCUSD,448.99,463.4,448.28,461.36,943.65,428824.82
2016-05-07,BTCUSD,461.36,461.88,458.83,459.66,556.21,255968.44
2016-05-08,BTCUSD,459.66,459.66,456.92,458,158.15,72453.39
2016-05-09,BTCUSD,458,463.99,456.81,460.98,1280.41,590431.5
2016-05-10,BTCUSD,460.98,462.98,446.01,451.75,1006.4,455323.39
2016-05-11,BTCUSD,451.75,454.05,451.74,451.98,1612.89,731150.47
2016-05-12,BTCUSD,451.98,453.99,449.3,453.99,1126.7,509610.66
2016-05-13,BTCUSD,453.99,458,453.99,457.46,1368.06,624569.19
2016-05-14,BTCUSD,457.46,457.48,454.01,456.67,275.1,125656.77
2016-05-15,BTCUSD,456.67,457.99,456.36,457.99,230.11,105158.24
2016-05-16,BTCUSD,457.99,458.67,452.54,454.43,1178.48,538651.79
2016-05-17,BTCUSD,454.43,455.48,452.74,454.69,962.63,437597.27
2016-05-18,BTCUSD,454.69,455.99,454.43,455.01,1672.81,761711.39
2016-05-19,BTCUSD,455.01,455.01,441.79,443.01,1457.52,653772.34
2016-05-20,BTCUSD,443.01,443.63,438.2,442.99,990.25,437622.24
2016-05-21,BTCUSD,442.99,443.46,442.08,443.41,751.61,333109.85
2016-05-22,BTCUSD,443.41,443.41,436.48,437.74,701.93,309283.08
2016-05-23,BTCUSD,437.74,443.86,437.35,443.86,1225.1,541640.05
2016-05-24,BTCUSD,443.86,446.98,442.98,445.87,1462.87,651256.28
2016-05-25,BTCUSD,445.87,449.99,445.64,449.9,719.99,322660.95
2016-05-26,BTCUSD,449.9,454.3,449.9,454.27,1238.38,561015.63
2016-05-27,BTCUSD,454.27,480,454.27,476.99,1669.41,788742.88
2016-05-28,BTCUSD,476.99,535.73,472.85,526.87,1922.58,957274.99
2016-05-29,BTCUSD,526.87,558.46,500,519.29,793.63,415659.54
2016-05-30,BTCUSD,519.29,542.81,516.63,532.66,368,195825.92
2016-05-31,BTCUSD,532.66,544.84,520.86,530.62,1446.16,771433.23
2016-06-01,BTCUSD,530.62,544.99,524.76,539.99,2248.01,1207745.38
2016-06-02,BTCUSD,539.99,539.99,533.25,539.78,1057.66,567672.33
2016-06-03,BTCUSD,539.78,577.13,535.71,570.02,2370.26,1324395.31
2016-06-04,BTCUSD,570.02,590,562.48,573.51,685.37,393390.84
2016-06-05,BTCUSD,573.51,584.8,566.56,574.05,359.61,207230.63
2016-06-06,BTCUSD,574.05,587.89,574.04,584.44,1169.13,682767.46
2016-06-07,BTCUSD,584.44,589.08,566.75,580,1167.17,676863.39
2016-06-08,BTCUSD,580,583.75,574.87,581.99,1506.32,873277.55
2016-06-09,BTCUSD,581.99,583.15,572.42,579.13,1104.31,638344.17
2016-06-10,BTCUSD,579.13,580.9,575.05,578.99,1282.29,740757.64
2016-06-11,BTCUSD,578.99,598.64,578.99,597.77,758.37,446469.86
2016-06-12,BTCUSD,597.77,683.63,597.77,663.09,2148.82,1367149.19
2016-06-13,BTCUSD,663.09,719,663.09,704,3540.96,2447557.85
2016-06-14,BTCUSD,704,704.01,662.01,685.37,4373.4,2999059.67
2016-06-15,BTCUSD,685.37,696.46,668.39,692.93,2888.29,1967969.36
2016-06-16,BTCUSD,692.93,773.74,692.66,764.76,5929.71,4398013.4
2016-06-17,BTCUSD,764.76,774.32,707.45,757.06,3186.88,2374921.84
2016-06-18,BTCUSD,757.06,788.55,735.64,755.14,1571.48,1201480.95
2016-06-19,BTCUSD,755.14,765,746.28,763.99,887.81,676639.48
2016-06-20,BTCUSD,763.99,763.99,725.95,741.84,1448.98,1076472.95
2016-06-21,BTCUSD,741.84,741.84,625,673.71,3538.43,2378322.18
2016-06-22,BTCUSD,673.71,678.99,600.16,600.16,2846.6,1826484.51
2016-06-23,BTCUSD,600.16,634.83,560.01,628.11,3468.79,2055230.68
2016-06-24,BTCUSD,628.11,680,625.13,662.66,2033.06,1324010.48
2016-06-25,BTCUSD,662.66,696.99,646.42,665.15,602.99,409368.44
2016-06-26,BTCUSD,665.15,665.15,614.04,631.14,752.93,473629.94
2016-06-27,BTCUSD,631.14,655,621.38,650.09,1478.9,950148.12
2016-06-28,BTCUSD,650.09,657.15,636.47,648.78,1357.52,881985.23
2016-06-29,BTCUSD,648.78,650.51,631.43,640.32,1770.39,1136953.81
2016-06-30,BTCUSD,640.32,675.28,637.34,673.43,2150.8,1420640.63
2016-07-01,BTCUSD,673.43,693.31,668.6,680.96,1702.24,1154838.66
2016-07-02,BTCUSD,680.96,699.99,677.6,699.99,896.79,619632.93
2016-07-03,BTCUSD,699.99,703.03,645.86,664.67,644.4,433777.95
2016-07-04,BTCUSD,664.67,679.88,649.38,679.45,918.02,618617.4
2016-07-05,BTCUSD,679.45,679.89,661.13,666.23,1199.34,804016.94
2016-07-06,BTCUSD,666.23,679.5,665.7,674.99,871.12,586279.59
2016-07-07,BTCUSD,674.99,679.51,611.35,637.99,2061.51,1306966.88
2016-07-08,BTCUSD,637.99,662.71,637.98,661.99,919.76,599367.63
2016-07-09,BTCUSD,661.99,661.99,625.33,654.78,1238.13,798850.06
2016-07-10,BTCUSD,654.78,654.78,640.4,649.99,506.06,327412.58
2016-07-11,BTCUSD,649.99,658.99,645,650.83,1042.84,677341.2
2016-07-12,BTCUSD,650.83,674.83,647.73,673.99,1808.13,1200532.71
2016-07-13,BTCUSD,673.99,673.99,657.02,661.55,1512.05,1001514.36
2016-07-14,BTCUSD,661.55,663.48,650.67,658.98,1384.3,912790.13
2016-07-15,BTCUSD,658.98,669.01,658.69,665,891.47,591878.57
2016-07-16,BTCUSD,665,668.72,660,663.84,202.96,134713.56
2016-07-17,BTCUSD,663.84,687.56,663.84,678.34,1145.73,778228.53
2016-07-18,BTCUSD,678.34,682.71,667.49,672.74,1102.58,745286.58
2016-07-19,BTCUSD,672.74,674.43,667.67,672.98,727.93,488504.76
2016-07-20,BTCUSD,672.98,673.52,662.04,664.86,2106.48,1404858.53
2016-07-21,BTCUSD,664.86,667.31,660.02,665.86,712.51,473882.2
2016-07-22,BTCUSD,665.86,666.99,644.08,649.03,677.36,444381.34
2016-07-23,BTCUSD,649.03,656.85,649.03,655.92,433.95,283517.52
2016-07-24,BTCUSD,655.92,665.08,652.7,663.95,231.84,152903.65
2016-07-25,BTCUSD,663.95,663.99,652.74,656.26,968.8,637333.97
2016-07-26,BTCUSD,656.26,659.1,646.27,655.16,1243.9,814487.72
2016-07-27,BTCUSD,655.16,659.68,650.27,658.24,643.3,422526.77
2016-07-28,BTCUSD,658.24,659.24,654.63,657.32,676.31,444509.43
2016-07-29,BTCUSD,657.32,657.99,655.87,657.99,1021.79,671745.98
2016-07-30,BTCUSD,657.99,657.99,654.83,655.01,198.59,130374.6
2016-07-31,BTCUSD,655.01,655.01,622.17,622.17,638.49,404947.05
2016-08-01,BTCUSD,622.17,626.61,606,606.78,1344.86,833402.75
2016-08-02,BTCUSD,606.78,614.38,456.36,515.86,3356.11,1891926.4
2016-08-03,BTCUSD,515.86,573.99,508.12,572.38,2105.97,1161353.53
2016-08-04,BTCUSD,572.38,602.15,567.61,585,1214.75,699809.3
2016-08-05,BTCUSD,585,585.15,572,575.51,1314.46,756689.49
2016-08-06,BTCUSD,575.51,590.68,572.14,588.16,727.17,423689.96
2016-08-07,BTCUSD,588.16,598.99,583.68,593.65,481.41,284717.06
2016-08-08,BTCUSD,593.65,598.99,589.66,595.65,1086.9,646963.38
2016-08-09,BTCUSD,595.65,595.96,583.43,585.76,1461.42,861476.94
2016-08-10,BTCUSD,585.76,600,584.07,595.14,1297.2,771219.25
2016-08-11,BTCUSD,595.14,597.19,587.01,587.57,994.18,588907.16
2016-08-12,BTCUSD,587.57,590.22,584.13,588.83,1178.5,693614.82
2016-08-13,BTCUSD,588.83,589.01,584.54,586.99,312.91,183870.38
2016-08-14,BTCUSD,586.99,586.99,566,571.7,517.34,296890.36
2016-08-15,BTCUSD,571.7,573.43,560.32,569.33,1004.32,569293.45
2016-08-16,BTCUSD,569.33,582.87,565.11,580.35,2250.67,1294063.25
2016-08-17,BTCUSD,580.35,580.35,571.16,574.99,1328.69,762121.71
2016-08-18,BTCUSD,574.99,576.72,573,574.08,1316.25,757122.81
2016-08-19,BTCUSD,574.08,576.99,570,573.7,1458.38,837295.15
2016-08-20,BTCUSD,573.7,580.21,573.7,580.21,449.71,259301.89
2016-08-21,BTCUSD,580.21,580.99,579.21,579.85,146.04,84777.33
2016-08-22,BTCUSD,579.85,588.96,579.85,586.97,1418.36,829418.58
2016-08-23,BTCUSD,586.97,586.97,580.66,581.98,943.71,549857.78
2016-08-24,BTCUSD,581.98,581.99,577.99,579.24,901.13,522461.91
2016-08-25,BTCUSD,579.24,579.24,566,575.97,2026.44,1161333.85
2016-08-26,BTCUSD,575.97,578.99,575.76,578.77,606.36,350319.44
2016-08-27,BTCUSD,578.77,578.99,568.01,569.82,278.21,159265.05
2016-08-28,BTCUSD,569.82,572.98,569.82,572.98,310.86,177486.57
2016-08-29,BTCUSD,572.98,575.99,571.71,573.36,972.74,558705.67
2016-08-30,BTCUSD,573.36,579.36,573.35,577.91,1263.63,727900.04
2016-08-31,BTCUSD,577.91,577.91,572.52,574.22,1491.14,855848.83
2016-09-01,BTCUSD,574.22,577.35,570.73,571.53,1247.36,716144.18
2016-09-02,BTCUSD,571.53,577.35,570.73,574.85,820.84,471476.74
2016-09-03,BTCUSD,574.85,607.14,573.93,600.17,1213.01,716423.67
2016-09-04,BTCUSD,600.17,611.84,500,607.67,662.56,397938.79
2016-09-05,BTCUSD,607.67,608.57,601.1,605.98,300.25,181521.97
2016-09-06,BTCUSD,605.98,611.89,605.45,611.89,541.27,329527.12
2016-09-07,BTCUSD,611.89,617.1,609.9,614.48,1513.9,931506.85
2016-09-08,BTCUSD,614.48,628.23,614.48,624.7,1379.06,859528.62
2016-09-09,BTCUSD,624.7,625.7,618.24,622.15,898.14,558400.19
2016-09-10,BTCUSD,622.15,623.8,619.33,623.45,486.69,302387.38
2016-09-11,BTCUSD,623.45,628.79,591.93,604.86,811.36,493538.52
2016-09-12,BTCUSD,604.86,609.13,604.08,607.81,698.8,423511.48
2016-09-13,BTCUSD,607.81,610.78,605.84,607.94,836.93,509225.08
2016-09-14,BTCUSD,607.94,610.73,607.1,608.99,674.57,410983.3
2016-09-15,BTCUSD,608.99,609.5,604.71,605.76,1486.35,902841.09
2016-09-16,BTCUSD,605.76,609.03,605.68,607.14,1253.87,761390.46
2016-09-17,BTCUSD,607.14,607.94,606.36,606.38,500,303480.55
2016-09-18,BTCUSD,606.38,608.99,606.37,608.99,228.84,138948.26
2016-09-19,BTCUSD,608.99,610.3,608,608.99,1575.91,960234.01
2016-09-20,BTCUSD,608.99,608.99,606.81,608.59,634.61,385888.25
2016-09-21,BTCUSD,608.59,608.59,591.95,595.61,4385.48,2609562.85
2016-09-22,BTCUSD,595.61,596.17,592.93,594.69,3118.47,1857241.19
2016-09-23,BTCUSD,594.69,601.34,593.82,601.25,4969.89,2976842.02
2016-09-24,BTCUSD,601.25,603.28,598.51,601.32,1593.36,954617.63
2016-09-25,BTCUSD,601.32,601.48,598.19,600,1363.46,817615.91
2016-09-26,BTCUSD,600,607.58,599.72,606.98,2418.75,1463058.84
2016-09-27,BTCUSD,606.98,607.2,601.11,604.9,3770.93,2278251.65
2016-09-28,BTCUSD,604.9,605.7,602.75,604.24,3271.82,1973586.19
2016-09-29,BTCUSD,604.24,606.52,603.86,604.87,3610.81,2184652.63
2016-09-30,BTCUSD,604.87,607.2,603.51,607.2,3356.75,2030182.93
2016-10-01,BTCUSD,607.2,616,607.2,614.04,1114.44,684672.23
2016-10-02,BTCUSD,614.04,614.04,607,610.5,774.69,471431.53
2016-10-03,BTCUSD,610.5,613,610.4,612.91,2500.09,1531896.86
2016-10-04,BTCUSD,612.91,612.99,609.05,609.98,2759.95,1683483.75
2016-10-05,BTCUSD,609.98,613.94,609.67,612.38,2562.14,1566205.98
2016-10-06,BTCUSD,612.38,613.19,611.27,611.8,3245.96,1987364.94
2016-10-07,BTCUSD,611.8,617.99,610,617.99,3135.14,1931579.12
2016-10-08,BTCUSD,617.99,618.15,616.96,617.99,773.81,477844.2
2016-10-09,BTCUSD,617.99,618.38,615.18,616.06,759.55,468728.81
2016-10-10,BTCUSD,616.06,617.99,614.73,617.37,2148.59,1324475.38
2016-10-11,BTCUSD,617.37,640,617.3,640,4341.38,2764907.56
2016-10-12,BTCUSD,640,640,634.74,635.33,3698.39,2359830.15
2016-10-13,BTCUSD,635.33,640,634.64,635.45,2934.47,1866680.69
2016-10-14,BTCUSD,635.45,641.59,632.44,636.93,3519.2,2244783.14
2016-10-15,BTCUSD,636.93,639.67,633.23,635.17,595.55,379145.81
2016-10-16,BTCUSD,635.17,640.68,635.17,639.58,757.33,482783.09
2016-10-17,BTCUSD,639.58,639.58,634.52,637.79,2660,1692964.91
2016-10-18,BTCUSD,637.79,638.88,633.69,635,2456.74,1561046.13
2016-10-19,BTCUSD,635,637.29,625.69,628.61,3193.63,2006496.9
2016-10-20,BTCUSD,628.61,629.55,622.83,629,2096.39,1314517.88
2016-10-21,BTCUSD,629,631.87,628.23,630.15,2635.75,1661384.27
2016-10-22,BTCUSD,630.15,657.47,630.15,656.06,2102.32,1366292.31
2016-10-23,BTCUSD,656.06,664.54,648.78,650.51,473.85,309814.67
2016-10-24,BTCUSD,650.51,650.51,645.36,648.73,3386.23,2195061.91
2016-10-25,BTCUSD,648.73,658.99,648.25,649.56,2589.43,1692215.62
2016-10-26,BTCUSD,649.56,678.55,646.99,668.82,3185.09,2133802.26
2016-10-27,BTCUSD,668.82,683.26,668.82,680,2810.99,1912383.61
2016-10-28,BTCUSD,680,690.32,679.99,688.99,2649.94,1820276.79
2016-10-29,BTCUSD,688.99,722.21,688.98,715.94,1798.51,1281108.95
2016-10-30,BTCUSD,715.94,715.94,695.23,700.01,1017.36,719479.55
2016-10-31,BTCUSD,700.01,707.7,685.04,697.7,3383.23,2380006.8
2016-11-01,BTCUSD,697.7,736.61,697.7,730.48,2299,1665667.03
2016-11-02,BTCUSD,730.48,734.99,720.04,734.99,2628.52,1910849.42
2016-11-03,BTCUSD,734.99,746.15,674.98,685.62,4715.49,3328428.81
2016-11-04,BTCUSD,685.62,707.83,685.61,706.98,3267.99,2280192.11
2016-11-05,BTCUSD,706.98,711.34,698,706.33,582.91,410662.3
2016-11-06,BTCUSD,706.33,714.91,698.85,711.15,1283.33,907878.32
2016-11-07,BTCUSD,711.15,711.16,701.24,709.29,2874.45,2033893.35
2016-11-08,BTCUSD,709.29,713.99,704.01,713.6,3239.73,2302691.86
2016-11-09,BTCUSD,713.6,739.85,709.68,721.48,2677.93,1944232.63
2016-11-10,BTCUSD,721.48,721.48,705.99,710.99,3329.69,2365206.39
2016-11-11,BTCUSD,710.99,718.07,710.92,715.23,1793.94,1279859.46
2016-11-12,BTCUSD,715.23,715.23,698.99,700.31,524.93,369709.82
2016-11-13,BTCUSD,700.31,704.12,684.46,702,898.55,622639.13
2016-11-14,BTCUSD,702,708.46,696.37,707.03,1532.28,1078063.58
2016-11-15,BTCUSD,707.03,716.85,705.54,712.44,2631.77,1878245.25
2016-11-16,BTCUSD,712.44,742.81,710.36,739.99,3462.26,2534527.07
2016-11-17,BTCUSD,739.99,750,733.5,736.03,2782.66,2058291.58
2016-11-18,BTCUSD,736.03,750,735.61,748.13,1207.81,898999.2
2016-11-19,BTCUSD,748.13,755.5,745,750.98,593.62,445035
2016-11-20,BTCUSD,750.98,751.99,710.03,727.36,1434.69,1043439.58
2016-11-21,BTCUSD,727.36,738.73,725.45,737.48,1896.13,1394461.23
2016-11-22,BTCUSD,737.48,751.67,733.52,748.35,4130.47,3072634.53
2016-11-23,BTCUSD,748.35,748.35,732.18,742.41,1796.89,1333425.06
2016-11-24,BTCUSD,742.41,745.72,728,737.99,1528.78,1125495.11
2016-11-25,BTCUSD,737.99,741.75,730.25,741.28,1688.61,1242725.97
2016-11-26,BTCUSD,741.28,742.54,724.49,736.45,530.09,389579.1
2016-11-27,BTCUSD,736.45,736.45,728.35,728.35,1412.81,1035273.66
2016-11-28,BTCUSD,728.35,734.6,724.81,732.99,2569.57,1880058.35
2016-11-29,BTCUSD,732.99,735.36,731.88,732.36,1990.72,1460133.43
2016-11-30,BTCUSD,732.36,745.5,732.36,742.11,2238.84,1657189.75
2016-12-01,BTCUSD,742.11,757,742.11,753.99,2099.74,1578190.18
2016-12-02,BTCUSD,753.99,777.05,753.99,774.14,3228.92,2483261.19
2016-12-03,BTCUSD,774.14,774.98,760.51,766.47,1289.54,991356.63
2016-12-04,BTCUSD,766.47,769.97,763.02,765.69,505.16,386967.48
2016-12-05,BTCUSD,765.69,765.99,743.73,754.88,2312.42,1743529.82
2016-12-06,BTCUSD,754.88,759.38,752.13,758.99,2224.64,1683436.88
2016-12-07,BTCUSD,758.99,769.98,752.24,765.49,2370.27,1817145.95
2016-12-08,BTCUSD,765.49,772.46,762.5,768.68,1913.75,1468737.46
2016-12-09,BTCUSD,768.68,773.35,764.5,770.1,2011.33,1549362.29
2016-12-10,BTCUSD,770.1,775.99,769.14,771.79,777.89,601424.17
2016-12-11,BTCUSD,771.79,771.79,765.28,769.44,573.24,440245.09
2016-12-12,BTCUSD,769.44,780.8,769.44,779.65,1895.97,1472893.72
2016-12-13,BTCUSD,779.65,790.84,768.26,780.64,2543.27,1983054.61
2016-12-14,BTCUSD,780.64,780.99,772.61,774.84,2177.1,1691510.2
2016-12-15,BTCUSD,774.84,780.25,774.55,775.18,3988.66,3100862.14
2016-12-16,BTCUSD,775.18,782.47,774.16,782.47,2846.87,2218125.6
2016-12-17,BTCUSD,782.47,791.13,782.47,789.39,815.32,642319.59
2016-12-18,BTCUSD,789.39,790.28,785.71,790.12,541.47,427042.57
2016-12-19,BTCUSD,790.12,790.99,785.1,790.2,2835.51,2236338.92
2016-12-20,BTCUSD,790.2,800.88,788.11,800.88,2592.49,2052476.66
2016-12-21,BTCUSD,800.88,829.09,796.89,826.21,3842.51,3144178.47
2016-12-22,BTCUSD,826.21,871.36,826.15,859,4242.1,3636380.41
2016-12-23,BTCUSD,859,919.23,858.37,919.23,4465.5,3994223.23
2016-12-24,BTCUSD,919.23,923.47,886.08,893.68,1010.86,913468.58
2016-12-25,BTCUSD,893.68,900.33,860.76,896.98,789.08,697385.24
2016-12-26,BTCUSD,896.98,919.41,896.22,905.57,793.42,717607.63
2016-12-27,BTCUSD,905.57,941.19,900.86,932.65,2490.67,2319656.24
2016-12-28,BTCUSD,932.65,981.92,932.48,981.92,2510.09,2412458.09
2016-12-29,BTCUSD,981.92,985.43,950.3,978.57,1914.21,1850466.14
2016-12-30,BTCUSD,978.57,978.57,929.9,966.71,1629.33,1558808.1
2016-12-31,BTCUSD,966.71,974.55,950,974.55,764.88,735542.53
2017-01-01,BTCUSD,974.55,1003.54,965,999.95,1061.14,1052682.94
2017-01-02,BTCUSD,999.95,1035.9,995,1020.23,1446.64,1472541.92
2017-01-03,BTCUSD,1020.23,1038.26,1014.06,1038,2179,2231435.06
2017-01-04,BTCUSD,1038,1155.54,1032.73,1142.15,3318.97,3612399.3
2017-01-05,BTCUSD,1142.15,1167.16,879,989.99,6007.34,5971785.19
2017-01-06,BTCUSD,989.99,1025.56,879.1,893.49,6506.72,6112552.41
2017-01-07,BTCUSD,893.49,908.1,820.99,898.75,2263.37,1969093.18
2017-01-08,BTCUSD,898.75,940.1,890,912.99,1555.03,1424914.93
2017-01-09,BTCUSD,912.99,913.99,880.5,902.98,3164.74,2833043.55
2017-01-10,BTCUSD,902.98,913.99,900.38,907.99,2473.06,2241278.21
2017-01-11,BTCUSD,907.99,921.77,760.11,789.31,7171.97,5873948
2017-01-12,BTCUSD,789.31,832.15,752,813.02,3914.88,3115110.61
2017-01-13,BTCUSD,813.02,833.79,777.91,826.69,4320.73,3505548.9
2017-01-14,BTCUSD,826.69,839.78,815,824.65,766.37,633743.52
2017-01-15,BTCUSD,824.65,829.58,812,827.56,348.23,285946.45
2017-01-16,BTCUSD,827.56,841.28,822.53,835.13,869.74,724199.79
2017-01-17,BTCUSD,835.13,910.99,831.82,907.19,3967.7,3517231.08
2017-01-18,BTCUSD,907.19,916.89,851.39,878.02,3364.86,2970220.5
2017-01-19,BTCUSD,878.02,908.97,878.01,901.75,2843.34,2554131.69
2017-01-20,BTCUSD,901.75,906.56,885.01,899.53,3193.55,2868680.69
2017-01-21,BTCUSD,899.53,928.97,896.77,923.25,1350.07,1235056.12
2017-01-22,BTCUSD,923.25,940.42,895.51,921.82,1302.74,1196674.44
2017-01-23,BTCUSD,921.82,928,915.37,923.87,2578,2371902.86
2017-01-24,BTCUSD,923.87,925.09,887.29,890.66,3830.88,3457393.83
2017-01-25,BTCUSD,890.66,903.02,882.01,894.06,2502.75,2233394.99
2017-01-26,BTCUSD,894.06,920.59,893.23,918.42,2109.97,1923339.66
2017-01-27,BTCUSD,918.42,924.88,909.97,921.01,2187.5,2013902.61
2017-01-28,BTCUSD,921.01,922.99,918.78,921.29,389.64,358903.75
2017-01-29,BTCUSD,921.29,922.99,915,916.77,311.58,286509.28
2017-01-30,BTCUSD,916.77,923.99,912.01,923.02,1660.4,1529001.87
2017-01-31,BTCUSD,923.02,970.04,921.99,967.02,1836.05,1748798.09
2017-02-01,BTCUSD,967.02,990,962.35,989.1,2404.69,2346365.67
2017-02-02,BTCUSD,989.1,1013.92,977.51,1005.97,3122.29,3117788.13
2017-02-03,BTCUSD,1005.97,1024,995.98,1015.09,3865.48,3925432.73
2017-02-04,BTCUSD,1015.09,1041.97,1005.01,1032.98,1479.36,1513440.08
2017-02-05,BTCUSD,1032.98,1032.99,998.88,1011.9,957.83,972422.38
2017-02-06,BTCUSD,1011.9,1028.12,1009.9,1024.99,3594.23,3669393.63
2017-02-07,BTCUSD,1024.99,1055,1023.19,1055,3097.4,3241833.55
2017-02-08,BTCUSD,1055,1071.3,1023.58,1060.31,3190.49,3358745.58
2017-02-09,BTCUSD,1060.31,1079.99,948.22,984.81,7562.58,7468414.6
2017-02-10,BTCUSD,984.81,1009.09,955.99,1003.97,2458.81,2412479.88
2017-02-11,BTCUSD,1003.97,1020.43,995.62,1015.18,827.38,835008.39
2017-02-12,BTCUSD,1015.18,1016.55,1004.43,1008.49,448.89,452863.64
2017-02-13,BTCUSD,1008.49,1014.99,990,1000.05,2683.01,2678810.98
2017-02-14,BTCUSD,1000.05,1020.01,994.35,1012.65,2125.24,2144390.71
2017-02-15,BTCUSD,1012.65,1015.57,1006,1013.67,2614.81,2650538.67
2017-02-16,BTCUSD,1013.67,1042.14,1013.54,1034.33,3525.22,3636909.39
2017-02-17,BTCUSD,1034.33,1063.99,1034.33,1059.75,2965.85,3128329.79
2017-02-18,BTCUSD,1059.75,1069.23,1053.84,1059.84,1652.41,1759408.11
2017-02-19,BTCUSD,1059.84,1062.2,1047.35,1054.72,1204.86,1269774.84
2017-02-20,BTCUSD,1054.72,1085.13,1048.05,1085.13,2586.44,2747077.53
2017-02-21,BTCUSD,1085.13,1134.59,1079.67,1133.68,3831.35,4246258.32
2017-02-22,BTCUSD,1133.68,1140,1109.99,1128.54,4097.34,4619409.23
2017-02-23,BTCUSD,1128.54,1193.99,1126.13,1181.02,4716.48,5457799.51
2017-02-24,BTCUSD,1181.02,1213.39,1107.56,1183.72,8656.16,10200773.8
2017-02-25,BTCUSD,1183.72,1186.69,1126.54,1148.77,2471.08,2854606.79
2017-02-26,BTCUSD,1148.77,1185.99,1133.33,1182.03,2427.77,2827742.58
2017-02-27,BTCUSD,1182.03,1201.03,1172.67,1194.5,3142.83,3737663.34
2017-02-28,BTCUSD,1194.5,1214.96,1181.16,1195.2,5476.53,6550162.06
2017-03-01,BTCUSD,1195.2,1230,1190.62,1228.9,3481.12,4243681.33
2017-03-02,BTCUSD,1228.9,1285.1,1215.36,1260.21,12749.77,16179315.89
2017-03-03,BTCUSD,1260.21,1293.35,1258.65,1287.98,15630.95,20087111.3
2017-03-04,BTCUSD,1287.98,1287.99,1241.01,1270,1807.76,2288054.09
2017-03-05,BTCUSD,1270,1275,1245.21,1273.99,1628.88,2052223.11
2017-03-06,BTCUSD,1273.99,1288.98,1273.99,1288.88,3216.29,4124731.86
2017-03-07,BTCUSD,1288.88,1288.89,1188.97,1236.29,7207.78,9028123.08
2017-03-08,BTCUSD,1236.29,1245.99,1150.01,1151.39,5376.67,6413854.16
2017-03-09,BTCUSD,1151.39,1211.82,1135.51,1197.2,2887.38,3399309.59
2017-03-10,BTCUSD,1197.2,1325,980.01,1109.29,13988.29,16846615.42
2017-03-11,BTCUSD,1109.29,1197.72,1109.03,1182.64,3076.32,3575284.85
2017-03-12,BTCUSD,1182.64,1237.68,1176.4,1232.63,1209.49,1471321.75
2017-03-13,BTCUSD,1232.63,1250,1215.98,1246.86,2507.49,3100333.54
2017-03-14,BTCUSD,1246.86,1258.48,1228.86,1248.2,2235.71,2790544.14
2017-03-15,BTCUSD,1248.2,1265,1246,1261.75,2791.19,3498724.4
2017-03-16,BTCUSD,1261.75,1263.11,1131.76,1175.29,6008.87,7218977.88
2017-03-17,BTCUSD,1175.29,1175.29,1065.92,1070.6,7824.26,8777881.59
2017-03-18,BTCUSD,1070.6,1097.68,948.6,965.1,5799.2,5877646.98
2017-03-19,BTCUSD,965.1,1060,965.1,1010.63,2224.46,2248709.84
2017-03-20,BTCUSD,1010.63,1051.32,1010.01,1041.61,2569.4,2662398.05
2017-03-21,BTCUSD,1041.61,1119.4,1041.61,1113.81,5528.76,6064968.61
2017-03-22,BTCUSD,1113.81,1114.33,990.1,1037.97,6072.34,6292795.67
2017-03-23,BTCUSD,1037.97,1052.82,1017.55,1033,3872.77,4022112.9
2017-03-24,BTCUSD,1033,1033.99,925,936.83,5517.71,5393455.73
2017-03-25,BTCUSD,936.83,978.6,892.12,966.76,3976.56,3705211.7
2017-03-26,BTCUSD,966.76,1000,948.33,967.14,3442.31,3366712.79
2017-03-27,BTCUSD,967.14,1046.16,959.88,1045.01,5114.02,5191542.35
2017-03-28,BTCUSD,1045.01,1064.98,1019.02,1045.04,6806.16,7097106.21
2017-03-29,BTCUSD,1045.04,1055.89,1011,1041.03,5048.64,5237319.77
2017-03-30,BTCUSD,1041.03,1049.84,1022.12,1041.75,5146.84,5327151.27
2017-03-31,BTCUSD,1041.75,1090.65,1041.7,1084.22,5102,5425230.28
2017-04-01,BTCUSD,1084.22,1112.43,1073.68,1089.99,2174.03,2371663.55
2017-04-02,BTCUSD,1089.99,1114.15,1081.45,1107.45,1938.65,2131345.59
2017-04-03,BTCUSD,1107.45,1161.46,1107.45,1152.94,5394.04,6151840.96
2017-04-04,BTCUSD,1152.94,1159.67,1126.8,1149.03,5161.47,5909365.29
2017-04-05,BTCUSD,1149.03,1149.03,1115.54,1134.73,4170.76,4712142.03
2017-04-06,BTCUSD,1134.73,1207.8,1134.7,1195.77,6208.84,7286599.66
2017-04-07,BTCUSD,1195.77,1206,1176.37,1194.67,4176.54,4989277.38
2017-04-08,BTCUSD,1194.67,1198,1167,1184.5,1722.06,2043342.16
2017-04-09,BTCUSD,1184.5,1217.49,1180.9,1210.08,1953.89,2348907.76
2017-04-10,BTCUSD,1210.08,1216.99,1202.8,1210.64,4505.36,5454153.15
2017-04-11,BTCUSD,1210.64,1232.62,1200.63,1223.76,4821.97,5860285.54
2017-04-12,BTCUSD,1223.76,1226.5,1210.69,1218.12,5563.56,6777571.33
2017-04-13,BTCUSD,1218.12,1221.48,1153.36,1177.88,6101.08,7210239.84
2017-04-14,BTCUSD,1177.88,1193.08,1170.11,1175.5,5034.67,5947842.56
2017-04-15,BTCUSD,1175.5,1194.54,1170,1174.69,1784.53,2111074.36
2017-04-16,BTCUSD,1174.69,1183.99,1166.51,1178.01,1184.6,1395055.92
2017-04-17,BTCUSD,1178.01,1196.38,1175.06,1193.81,3824.79,4531180.28
2017-04-18,BTCUSD,1193.81,1209.27,1193.81,1204,5232.31,6280213.6
2017-04-19,BTCUSD,1204,1211.45,1189.18,1211.45,5957.42,7156869.26
2017-04-20,BTCUSD,1211.45,1244.73,1210.6,1238.45,5817.59,7140008.98
2017-04-21,BTCUSD,1238.45,1256,1237.5,1250,4460.49,5557584.14
2017-04-22,BTCUSD,1250,1250,1226,1247.66,1637.49,2036284.75
2017-04-23,BTCUSD,1247.66,1250.48,1235.46,1247.83,1514.49,1886267.18
2017-04-24,BTCUSD,1247.83,1259.91,1240.21,1255.71,4462.42,5575223.29
2017-04-25,BTCUSD,1255.71,1282.87,1253.96,1282.56,4145.89,5270743.84
2017-04-26,BTCUSD,1282.56,1314.05,1278.89,1294.91,6360.84,8239433.07
2017-04-27,BTCUSD,1294.91,1370,1293.07,1346.04,11591.4,15592322.34
2017-04-28,BTCUSD,1346.04,1367.65,1300,1347.19,15562.73,20895489.53
2017-04-29,BTCUSD,1347.19,1355.1,1330.9,1351.08,2133.4,2868277.71
2017-04-30,BTCUSD,1351.08,1363.84,1325,1362.63,1982.65,2658879.77
2017-05-01,BTCUSD,1362.63,1480,1352.8,1440.82,19714.91,28391677.51
2017-05-02,BTCUSD,1440.82,1489.61,1421.11,1464.94,6791.27,9877052.25
2017-05-03,BTCUSD,1464.94,1535.6,1444.99,1517.95,5684.8,8447912.24
2017-05-04,BTCUSD,1517.95,1650,1475.01,1550,9561.6,14883276.29
2017-05-05,BTCUSD,1550,1626.73,1521.24,1546.93,7434.68,11662171.4
2017-05-06,BTCUSD,1546.93,1585.6,1546.92,1580.99,2347.5,3684798.06
2017-05-07,BTCUSD,1580.99,1609,1566.14,1602.17,2752.06,4365686.53
2017-05-08,BTCUSD,1602.17,1686.39,1602.17,1686.39,8776.49,14331745.14
2017-05-09,BTCUSD,1686.39,1779,1681.93,1719.51,9382.65,16257862.59
2017-05-10,BTCUSD,1719.51,1796.01,1698,1793.26,7849.45,13849146.09
2017-05-11,BTCUSD,1793.26,1884,1775,1834.1,17803.68,32420035.36
2017-05-12,BTCUSD,1834.1,1838.59,1657.86,1694.64,15969.6,28152441.08
2017-05-13,BTCUSD,1694.64,1781.71,1602.36,1781.71,6266.37,10714851.12
2017-05-14,BTCUSD,1781.71,1817.57,1754.83,1794.01,1660.88,2975269.98
2017-05-15,BTCUSD,1794.01,1794.01,1667,1742.67,12693.56,21860802.63
2017-05-16,BTCUSD,1742.67,1770,1701.01,1769.71,6480.64,11330852.33
2017-05-17,BTCUSD,1769.71,1837.36,1750,1812.57,10046.33,18227098.01
2017-05-18,BTCUSD,1812.57,1895.55,1808.15,1895.55,7852.25,14523445.05
2017-05-19,BTCUSD,1895.55,1965.23,1894.64,1965.01,7865.64,15189698.86
2017-05-20,BTCUSD,1965.01,2045,1965.01,2044.4,5545.09,11082377.36
2017-05-21,BTCUSD,2044.4,2089.44,1981.37,2026,3903.06,7956641.27
2017-05-22,BTCUSD,2026,2249,1998.5,2101.33,11332.24,23928854.61
2017-05-23,BTCUSD,2101.33,2264,2101.33,2261.22,11254.57,24940822.11
2017-05-24,BTCUSD,2261.22,2479,2261.22,2436.45,10964.29,26072742
2017-05-25,BTCUSD,2436.45,2779,2199.6,2330.84,25383.88,64640506.75
2017-05-26,BTCUSD,2330.84,2628.71,2055.55,2267.37,17459.69,41282802.1
2017-05-27,BTCUSD,2267.37,2342.1,1910.55,2096.77,10130.14,21322187.03
2017-05-28,BTCUSD,2096.77,2323.99,2095.61,2230.77,4915.8,10885221.21
2017-05-29,BTCUSD,2230.77,2340.1,2150,2284.3,6429.74,14604821.77
2017-05-30,BTCUSD,2284.3,2324.27,2151.21,2197.33,14157.48,31837094.78
2017-05-31,BTCUSD,2197.33,2325.89,2179.98,2303.62,14248.18,32014961.91
2017-06-01,BTCUSD,2303.62,2459,2300,2412.34,11493.71,27291433.44
2017-06-02,BTCUSD,2412.34,2484.04,2375,2484.04,8743.25,21120497.79
2017-06-03,BTCUSD,2484.04,2589.69,2461.36,2554.91,4101.37,10395286.16
2017-06-04,BTCUSD,2554.91,2566.26,2483.03,2520.05,3719.02,9387640.6
2017-06-05,BTCUSD,2520.05,2700.2,2520.04,2689.43,5934.04,15478385.54
2017-06-06,BTCUSD,2689.43,2924,2689.4,2880.23,12177.9,34291677.47
2017-06-07,BTCUSD,2880.23,2884.98,2618.28,2690,8627.96,24000641.7
2017-06-08,BTCUSD,2690,2815.39,2610.67,2800,10231.79,28122808.38
2017-06-09,BTCUSD,2800,2854.12,2794.31,2807.01,7035.2,19832299.67
2017-06-10,BTCUSD,2807.01,2903.96,2803,2903.77,5968.37,17018471.33
2017-06-11,BTCUSD,2903.77,2960,2859.76,2960,4092.99,11917922.32
2017-06-12,BTCUSD,2960,2975,2470,2656.3,19056.61,50503982.61
2017-06-13,BTCUSD,2656.3,2772.03,2647.56,2715.86,12222.35,32989227.35
2017-06-14,BTCUSD,2715.86,2800,2341.2,2459.56,14483.01,37437465.61
2017-06-15,BTCUSD,2459.56,2510.38,2059.41,2416.16,22303.92,51364962.96
2017-06-16,BTCUSD,2416.16,2508.23,2310.81,2484.64,9859.92,24102323.69
2017-06-17,BTCUSD,2484.64,2664.89,2430.32,2638.24,4953.89,12714753.6
2017-06-18,BTCUSD,2638.24,2663.66,2458.59,2519.87,5487.04,14010760.71
2017-06-19,BTCUSD,2519.87,2594.99,2491.12,2594.99,6321.09,16129629.04
2017-06-20,BTCUSD,2594.99,2786,2589.67,2734.14,7802.06,21003970.54
2017-06-21,BTCUSD,2734.14,2769.99,2586.27,2645.1,11073.04,29746424.6
2017-06-22,BTCUSD,2645.1,2726.96,2595,2689.58,8141.15,21714756.1
2017-06-23,BTCUSD,2689.58,2729.34,2672.24,2684.63,5613.06,15185666.79
2017-06-24,BTCUSD,2684.63,2710.51,2510.01,2572.96,4988.23,13104724.93
2017-06-25,BTCUSD,2572.96,2636.55,2429.42,2497.6,6128.04,15611580.85
2017-06-26,BTCUSD,2497.6,2549.72,2275.27,2415.62,14723.23,35653110.77
2017-06-27,BTCUSD,2415.62,2573.77,2269.46,2573.77,18608.2,44650715.94
2017-06-28,BTCUSD,2573.77,2596.26,2466.62,2554.97,12428.47,31577678.34
2017-06-29,BTCUSD,2554.97,2589.51,2503.01,2549.89,7972.64,20365455.05
2017-06-30,BTCUSD,2549.89,2549.9,2441.14,2456.01,8660.14,21711417.43
2017-07-01,BTCUSD,2456.01,2500,2385,2416.12,5227,12731882.83
2017-07-02,BTCUSD,2416.12,2541.87,2375.03,2507.84,5574.46,13662752.15
2017-07-03,BTCUSD,2507.84,2584,2477.13,2540.94,6289.94,15926572.65
2017-07-04,BTCUSD,2540.94,2631.32,2540.93,2606.64,4419.68,11447348.29
2017-07-05,BTCUSD,2606.64,2650,2550.01,2625.06,19342.33,50208008.09
2017-07-06,BTCUSD,2625.06,2645.54,2579.79,2605.53,8435.75,21944313.06
2017-07-07,BTCUSD,2605.53,2609.87,2457.12,2493.79,13327.76,33627161.37
2017-07-08,BTCUSD,2493.79,2550.1,2461.46,2547.77,5463.92,13677738.07
2017-07-09,BTCUSD,2547.77,2572.31,2501.02,2501.02,5918.74,15047582.46
2017-07-10,BTCUSD,2501.02,2520.1,2252.57,2329.4,16472.85,39663519.21
2017-07-11,BTCUSD,2329.4,2400,2251.07,2305.05,16399.92,38322164.51
2017-07-12,BTCUSD,2305.05,2401.4,2242.87,2383.82,13488.98,31621874.09
2017-07-13,BTCUSD,2383.82,2420,2315.61,2343.48,11854.39,27975709.78
2017-07-14,BTCUSD,2343.48,2352.67,2142.22,2213.01,13645.67,30558401.57
2017-07-15,BTCUSD,2213.01,2218.52,1965.13,1967.34,14804.13,30554833.34
2017-07-16,BTCUSD,1967.34,2039,1800,1904,13823.39,26431755.87
2017-07-17,BTCUSD,1904,2229.07,1897.35,2229.07,18163.01,37714588.91
2017-07-18,BTCUSD,2229.07,2389.99,2145.65,2304.36,27980.12,64219054.72
2017-07-19,BTCUSD,2304.36,2404.01,2222.88,2264.29,21093.74,48678226.58
2017-07-20,BTCUSD,2264.29,2950.47,2264.28,2889.98,49229.15,129039295
2017-07-21,BTCUSD,2889.98,2910,2609.89,2661.99,19174.24,52681625.31
2017-07-22,BTCUSD,2661.99,2872.86,2650.01,2838.07,8416.24,23474021.72
2017-07-23,BTCUSD,2838.07,2849.99,2668.05,2761.45,9717,26910949.71
2017-07-24,BTCUSD,2761.45,2795,2715.2,2758.5,9193.13,25261098.79
2017-07-25,BTCUSD,2758.5,2772.99,2450,2558.27,22993.17,59204763.6
2017-07-26,BTCUSD,2558.27,2599.99,2401.01,2524.52,14675.09,36524447.82
2017-07-27,BTCUSD,2524.52,2687.15,2514.15,2662.99,10307.23,26655123.45
2017-07-28,BTCUSD,2662.99,2821.55,2652.21,2786.19,12193.38,33527884.94
2017-07-29,BTCUSD,2786.19,2788.9,2648.75,2706.14,7753.55,21049297.78
2017-07-30,BTCUSD,2706.14,2749.99,2600,2749.99,5230.52,14086858.98
2017-07-31,BTCUSD,2749.99,2960,2703.15,2871.27,7849.75,21992989.58
2017-08-01,BTCUSD,2871.27,2924.22,2641.42,2730,7575.09,20896983.29
2017-08-02,BTCUSD,2730,2753.87,2650,2703.44,7993.92,21574784.16
2017-08-03,BTCUSD,2703.44,2795.67,2703.44,2783.43,9804.05,27046479.23
2017-08-04,BTCUSD,2783.43,2870.91,2760.68,2844.99,7120.88,20199510.75
2017-08-05,BTCUSD,2844.99,3332.09,2840.16,3252.34,14597.47,45917293.18
2017-08-06,BTCUSD,3252.34,3279.63,3147,3218.74,6757.62,21768273.58
2017-08-07,BTCUSD,3218.74,3410.97,3180.15,3391.48,9480.84,31485789.1
2017-08-08,BTCUSD,3391.48,3483.39,3345.97,3421.11,11636.03,39753753.69
2017-08-09,BTCUSD,3421.11,3425.31,3237.14,3348.99,10679.54,35580943.76
2017-08-10,BTCUSD,3348.99,3441.17,3318.16,3421.45,8117.77,27627933.93
2017-08-11,BTCUSD,3421.45,3705.16,3420.29,3639.99,10646.1,37685761.47
2017-08-12,BTCUSD,3639.99,3972.53,3594.31,3863.3,13722.84,51835081.35
2017-08-13,BTCUSD,3863.3,4174.48,3843.72,4046.34,14120.46,56816704.32
2017-08-14,BTCUSD,4046.34,4325,3961.65,4318.3,17144.48,72021231.87
2017-08-15,BTCUSD,4318.3,4436.01,3821.85,4154.84,22864.64,94144558.5
2017-08-16,BTCUSD,4154.84,4364.05,3935.01,4322.44,9478.98,39103029.46
2017-08-17,BTCUSD,4322.44,4474,4226.99,4284.45,11985.94,52171030.95
2017-08-18,BTCUSD,4284.45,4355,3971.01,4102.48,13305.95,55591110.6
2017-08-19,BTCUSD,4102.48,4184.8,3985,4145.11,9563.1,39073968.1
2017-08-20,BTCUSD,4145.11,4168.88,4010.8,4049.98,9480.97,38733839.15
2017-08-21,BTCUSD,4049.98,4073.73,3943.44,3993.87,16390.54,65626674.79
2017-08-22,BTCUSD,3993.87,4140.05,3600.01,4093.28,17464.11,68475115.16
2017-08-23,BTCUSD,4093.28,4250.02,4066.23,4147.1,9973.65,41442542.03
2017-08-24,BTCUSD,4147.1,4350,4108.82,4313.21,8727.49,36738021.86
2017-08-25,BTCUSD,4313.21,4480.01,4284.83,4371.25,9363.46,40887057.71
2017-08-26,BTCUSD,4371.25,4371.25,4371.25,4371.25,0,0
2017-08-27,BTCUSD,4371.25,4371.26,4321.86,4340.88,4077.07,17724588.51
2017-08-28,BTCUSD,4340.88,4400,4202.48,4379.96,8832.05,38084155.2
2017-08-29,BTCUSD,4379.96,4705.07,4345.13,4589.99,10485.82,47403678.71
2017-08-30,BTCUSD,4589.99,4641.43,4495.05,4583.85,9151.09,41797324.39
2017-08-31,BTCUSD,4583.85,4762.76,4579.91,4736.28,7396.01,34644172.58
2017-09-01,BTCUSD,4736.28,4924,4709.28,4924,8173.61,39489710.93
2017-09-02,BTCUSD,4924,4985,4505,4642.85,13482.98,63608581.17
2017-09-03,BTCUSD,4642.85,4740.41,4460.05,4607.47,9618.61,44313445.69
2017-09-04,BTCUSD,4607.47,4614.36,4100,4278.86,14221.8,61338241.83
2017-09-05,BTCUSD,4278.86,4494.6,4012.02,4393,14333.1,61738092.1
2017-09-06,BTCUSD,4393,4645,4380.78,4609.17,9981.06,45222315.64
2017-09-07,BTCUSD,4609.17,4665.23,4484.68,4623.19,5900.73,27021543.43
2017-09-08,BTCUSD,4623.19,4669.98,4000,4346.24,14814.56,64259227.44
2017-09-09,BTCUSD,4346.24,4405,4182.16,4325.17,5908.35,25492488.55
2017-09-10,BTCUSD,4325.17,4329.97,4083.55,4243.48,7200.1,30296416.88
2017-09-11,BTCUSD,4243.48,4370.28,4110.48,4209.69,9638.9,40567670.82
2017-09-12,BTCUSD,4209.69,4372.05,4070.01,4155.55,7698.41,32452537.09
2017-09-13,BTCUSD,4155.55,4173.78,3743.75,3855.01,16477.52,64469196.94
2017-09-14,BTCUSD,3855.01,3920.2,3219.89,3242.63,24715.98,86739154.17
2017-09-15,BTCUSD,3242.63,3839.19,2955.01,3709.85,35731.97,120712069.8
2017-09-16,BTCUSD,3709.85,3854.7,3580.01,3715.38,5582.44,20638634.34
2017-09-17,BTCUSD,3715.38,3825.54,3505.94,3716.46,3911.3,14409256.89
2017-09-18,BTCUSD,3716.46,4115.93,3716.45,4098.03,10652.72,42385452.7
2017-09-19,BTCUSD,4098.03,4117.03,3850,3903.4,9550.52,37798595.88
2017-09-20,BTCUSD,3903.4,4034.99,3828.93,3866,6216.14,24528663.28
2017-09-21,BTCUSD,3866,3899.86,3573,3616.74,9864.82,36923731.1
2017-09-22,BTCUSD,3616.74,3758.12,3510.84,3620.96,5845.57,21133557.67
2017-09-23,BTCUSD,3620.96,3812.88,3562.8,3783.6,3322.74,12349932.51
2017-09-24,BTCUSD,3783.6,3783.61,3619.76,3667.99,1995.41,7381293.13
2017-09-25,BTCUSD,3667.99,3956.86,3665.98,3916.48,6413.48,24626181.61
2017-09-26,BTCUSD,3916.48,3958.06,3852.61,3885.14,4585.89,17957210.31
2017-09-27,BTCUSD,3885.14,4225,3876.01,4204.51,8659.89,35090663.42
2017-09-28,BTCUSD,4204.51,4281.6,3336.67,4188,9122.99,37892835.21
2017-09-29,BTCUSD,4188,4209.85,4020,4182.9,6190.42,25539861.98
2017-09-30,BTCUSD,4182.89,4339.99,4182.89,4327.63,2981.13,12765562.28
2017-10-01,BTCUSD,4327.63,4399,4250,4388.74,2672.27,11527231.02
2017-10-02,BTCUSD,4388.74,4457.01,4361,4385.7,5714.47,25174900.61
2017-10-03,BTCUSD,4385.7,4417.98,4104.51,4300,5092.08,21933517.41
2017-10-04,BTCUSD,4300,4339.98,4175,4214.25,4624.12,19650002.47
2017-10-05,BTCUSD,4214.25,4360.38,4145,4318.57,4053.29,17314733.59
2017-10-06,BTCUSD,4318.57,4410.26,4300,4362.42,5189.86,22626193.68
2017-10-07,BTCUSD,4362.42,4448,4320.01,4425.01,1828.99,8000413.89
2017-10-08,BTCUSD,4425.01,4609,4412.42,4602.5,3207.02,14462969.41
2017-10-09,BTCUSD,4602.5,4875,4550,4751.08,7416.65,34797102.65
2017-10-10,BTCUSD,4751.08,4919.01,4712.11,4756.22,4033.6,19398039.87
2017-10-11,BTCUSD,4756.22,4864.67,4720,4813.85,7341.19,35219675.44
2017-10-12,BTCUSD,4813.85,5437.69,4811.06,5437.68,13090.34,67814428.51
2017-10-13,BTCUSD,5437.68,5868.78,5390.93,5636.28,15361.37,86512838.45
2017-10-14,BTCUSD,5636.28,5800,5555.89,5799.99,3622.56,20633868.18
2017-10-15,BTCUSD,5799.99,5833.72,5450,5694.61,7194.68,40519793.12
2017-10-16,BTCUSD,5694.61,5778.35,5575,5748.56,4852.5,27615319.02
2017-10-17,BTCUSD,5748.56,5769.99,5513.45,5592.26,5442.35,30564045.49
2017-10-18,BTCUSD,5592.26,5604.05,5082.24,5569.33,10300.66,55159334.12
2017-10-19,BTCUSD,5569.33,5745.03,5512.9,5695.01,6813.19,38469075.03
2017-10-20,BTCUSD,5695.01,6050,5615,5984.03,11271.87,66012207.94
2017-10-21,BTCUSD,5984.03,6178.79,5900.01,6012.58,6020.94,36519787.16
2017-10-22,BTCUSD,6012.58,6069.67,5750,5974.97,5172.73,30502617.88
2017-10-23,BTCUSD,5974.97,6060.28,5625.31,5899.6,9049.98,52981345.66
2017-10-24,BTCUSD,5899.6,5903,5464,5517.21,9343.12,52870248.67
2017-10-25,BTCUSD,5517.21,5750.97,5375,5741.66,7413.65,40991869.5
2017-10-26,BTCUSD,5741.66,5992.51,5692,5889.42,5548.96,32458083.18
2017-10-27,BTCUSD,5889.42,5992.01,5703.08,5765.32,5054.53,29347679.18
2017-10-28,BTCUSD,5765.32,5884.97,5660.79,5730.01,2566.11,14759022.39
2017-10-29,BTCUSD,5730.01,6295.03,5699.33,6132.76,6634.81,40036625.76
2017-10-30,BTCUSD,6132.76,6204.6,6025.25,6124.69,4699.96,28772477.08
2017-10-31,BTCUSD,6124.69,6467.32,6097.8,6448.36,6053.92,38278978.63
2017-11-01,BTCUSD,6448.36,6750,6365,6741.02,8002.13,52360522.53
2017-11-02,BTCUSD,6741.02,7336,6730,7037.48,14647.22,102052501.3
2017-11-03,BTCUSD,7037.48,7448.78,6952.59,7177.28,8643.78,62637881.34
2017-11-04,BTCUSD,7177.28,7511.34,7099.01,7371.55,3565.8,26126178.52
2017-11-05,BTCUSD,7371.55,7589.79,7300,7394.44,5159.11,38544604.88
2017-11-06,BTCUSD,7394.44,7410,6947.63,6975.01,7809.3,55914080.82
2017-11-07,BTCUSD,6975.01,7234.68,6975,7109.7,5242.72,37184640.01
2017-11-08,BTCUSD,7109.7,7950.03,7050.11,7465.53,14651.14,109081947.8
2017-11-09,BTCUSD,7465.53,7478.57,7101.02,7151.49,7643.88,55388780.66
2017-11-10,BTCUSD,7151.49,7335.05,6420,6585.11,16339.57,110697130.6
2017-11-11,BTCUSD,6585.11,6850,6184.63,6340,10387.26,67052124.17
2017-11-12,BTCUSD,6340,6500,5450,5849.37,23486.83,141026382.8
2017-11-13,BTCUSD,5849.37,6804.87,5800,6550.76,16854.74,107588331.7
2017-11-14,BTCUSD,6550.76,6761.59,6479.93,6606.75,7781.81,51440654.31
2017-11-15,BTCUSD,6606.75,7367.94,6606.75,7286.93,9254.49,65166171.59
2017-11-16,BTCUSD,7286.93,7990,7131.5,7852.44,7868,59742305.56
2017-11-17,BTCUSD,7852.44,7993,7550,7677.17,6185.57,48368250.17
2017-11-18,BTCUSD,7677.17,7862.62,7450,7776.54,4013.65,30747193.22
2017-11-19,BTCUSD,7776.54,8099,7668.06,8046.98,3475.29,27545013.19
2017-11-20,BTCUSD,8046.98,8314.95,7920,8246.01,6511.46,53305336.97
2017-11-21,BTCUSD,8246.01,8360.01,7790,8120.36,8571.64,69479610.34
2017-11-22,BTCUSD,8120.36,8304.98,8100,8240.82,3308.13,27112646.84
2017-11-23,BTCUSD,8240.82,8279.45,8009.88,8009.88,3457.32,28235152.12
2017-11-24,BTCUSD,8009.88,8340.02,7900,8209.88,4769.25,39021234.22
2017-11-25,BTCUSD,8209.88,8788.5,8152.01,8779.62,5087.06,43248410.78
2017-11-26,BTCUSD,8779.62,9475,8732.66,9304.19,8532.88,77276520.64
2017-11-27,BTCUSD,9304.19,9769.47,9300,9763.44,8081.48,77581809.69
2017-11-28,BTCUSD,9763.44,9987,9649,9941.7,7940.25,78367083.22
2017-11-29,BTCUSD,9941.7,11454,9500,9827.29,17642.01,184437015.9
2017-11-30,BTCUSD,9827.29,10900,8975,9934.4,23193.03,227879938.7
2017-12-01,BTCUSD,9934.4,10970,9360.01,10910.18,12477.5,128347093.8
2017-12-02,BTCUSD,10910.18,11200,10700,10888.01,6316.96,69145415.16
2017-12-03,BTCUSD,10888.01,11870,10500.17,11231.21,9362.28,105713191.7
2017-12-04,BTCUSD,11231.21,11681,10850,11668.84,7425.17,84290521.96
2017-12-05,BTCUSD,11668.84,11900,11489.92,11711.2,7153.47,83791780.96
2017-12-06,BTCUSD,11711.2,13924.98,11711.19,13725.53,17496.71,223456763.2
2017-12-07,BTCUSD,13725.53,17050,13400.01,17050,25215.63,379296115
2017-12-08,BTCUSD,17050,17712.65,14000,16250,22184.59,351152416.3
2017-12-09,BTCUSD,16250,16500.98,14899.99,15041,8109.34,125998456.5
2017-12-10,BTCUSD,15041,16120,13141.5,15268.98,15077.35,221306968.6
2017-12-11,BTCUSD,15268.98,17488,15223.1,16800.19,11136.82,185348148
2017-12-12,BTCUSD,16800.19,17613,16347.71,17382.19,9067.07,154830186.7
2017-12-13,BTCUSD,17382.19,17582.15,15902,16460.9,11607.36,195771736.5
2017-12-14,BTCUSD,16460.9,17150,16135.18,16678.79,8702.84,144057342.2
2017-12-15,BTCUSD,16678.79,17920,16655.12,17744.5,8311.75,145441853.7
2017-12-16,BTCUSD,17744.5,19739,17713.87,19499.99,5081.35,95278934.42
2017-12-17,BTCUSD,19499.99,19999,18870,19260.5,5561.4,107762059.2
2017-12-18,BTCUSD,19260.5,19315.01,18125.45,18981.88,8257.89,154530092.5
2017-12-19,BTCUSD,18981.88,19050,16750,17640.01,12441.6,223708682.3
2017-12-20,BTCUSD,17640.01,17881.37,15600,16596.09,17000.4,282413333.1
2017-12-21,BTCUSD,16596.09,17375.2,15044.7,15797.49,12169.67,194996102
2017-12-22,BTCUSD,15797.49,15947.97,10611,14000,41616.75,560653861.7
2017-12-23,BTCUSD,14000,15894,13701,15002.72,7712.57,115094888.1
2017-12-24,BTCUSD,15002.72,15500,12600,14100.01,10661.62,145491337
2017-12-25,BTCUSD,14100.01,14698.99,13317,13986.68,5365.06,75234933.07
2017-12-26,BTCUSD,13986.68,16150,13921,15830.86,7183.7,110604193.3
2017-12-27,BTCUSD,15830.86,16500,14521,15418.95,9255.82,143145845.9
2017-12-28,BTCUSD,15418.95,15499.99,13514.81,14488.61,11001.12,156554167
2017-12-29,BTCUSD,14488.61,15115.1,13949.5,14574.99,6391.62,92789943.92
2017-12-30,BTCUSD,14574.99,14607.77,12481.44,12675.68,8734.65,115811566.9
2017-12-31,BTCUSD,12675.68,14191.2,12511,13820.26,8176.38,108241376.6